SET SQL_MODE="NO_AUTO_VALUE_ON_ZERO";

--
-- Database: `reddit`
--

USE `reddit`;

-- --------------------------------------------------------

--
-- Dumping data for table `posts`
--

INSERT INTO `posts` (`id`, `title`, `url`, `timestamp`, `user_id`, `score`) VALUES 
(1, 'A ipsum integer a', 'http://dummyimage.com/231x154.png/ff4444/ffffff', 1469878278, 9, -88),
(2, 'Praesent id massa', 'http://dummyimage.com/105x246.png/ff4444/ffffff', 1464046564, 2, 79),
(3, 'Ut ultrices', 'http://dummyimage.com/120x178.png/dddddd/000000', 1474905694, 7, 30),
(4, 'Vel est donec odio', 'http://dummyimage.com/165x110.png/cc0000/ffffff', 1491804857, 9, -6),
(5, 'Faucibus orci luctus', 'http://dummyimage.com/241x212.bmp/cc0000/ffffff', 1478376336, 2, 2),
(6, 'Ipsum integer', 'http://dummyimage.com/245x146.png/5fa2dd/ffffff', 1475137572, 10, -83),
(7, 'Dapibus augue vel', 'http://dummyimage.com/239x124.bmp/5fa2dd/ffffff', 1489050222, 1, -23),
(8, 'Elementum eu interdum eu tincidunt', 'http://dummyimage.com/245x198.png/cc0000/ffffff', 1466616088, 9, -57),
(9, 'Leo rhoncus sed vestibulum sit', 'http://dummyimage.com/220x239.jpg/dddddd/000000', 1471141588, 1, 89),
(10, 'Ultrices enim', 'http://dummyimage.com/206x151.png/cc0000/ffffff', 1483702159, 8, 69),
(11, 'Primis in', 'http://dummyimage.com/172x201.bmp/ff4444/ffffff', 1492389360, 8, 39),
(12, 'Nisi volutpat eleifend donec', 'http://dummyimage.com/236x130.bmp/ff4444/ffffff', 1487735292, 2, -84),
(13, 'Massa quis augue luctus tincidunt', 'http://dummyimage.com/176x215.bmp/ff4444/ffffff', 1485768237, 8, 43),
(14, 'Suspendisse potenti', 'http://dummyimage.com/123x191.png/cc0000/ffffff', 1466303080, 4, -97),
(15, 'Elementum nullam varius nulla facilisi', 'http://dummyimage.com/200x124.png/dddddd/000000', 1485797294, 5, -16),
(16, 'In felis', 'http://dummyimage.com/112x209.jpg/5fa2dd/ffffff', 1492413796, 8, -79),
(17, 'Habitasse platea dictumst maecenas', 'http://dummyimage.com/113x219.bmp/dddddd/000000', 1479015028, 8, 67),
(18, 'Justo morbi ut odio cras', 'http://dummyimage.com/225x161.png/dddddd/000000', 1470520862, 8, -74),
(19, 'Arcu libero rutrum ac', 'http://dummyimage.com/237x203.bmp/dddddd/000000', 1482534182, 6, -71),
(20, 'Justo maecenas', 'http://dummyimage.com/162x178.png/cc0000/ffffff', 1476765041, 5, -80),
(21, 'Vel est donec odio justo', 'http://dummyimage.com/220x139.png/5fa2dd/ffffff', 1487891421, 8, 82),
(22, 'Amet cursus id', 'http://dummyimage.com/109x135.png/ff4444/ffffff', 1484590816, 9, 68),
(23, 'Ultrices enim', 'http://dummyimage.com/147x210.jpg/5fa2dd/ffffff', 1472117192, 4, -79),
(24, 'Ante ipsum', 'http://dummyimage.com/167x217.png/ff4444/ffffff', 1482221865, 7, 6),
(25, 'Metus vitae ipsum', 'http://dummyimage.com/250x146.jpg/cc0000/ffffff', 1468963327, 4, 95),
(26, 'Quisque arcu', 'http://dummyimage.com/208x117.bmp/cc0000/ffffff', 1489295914, 1, 80),
(27, 'Sed tincidunt', 'http://dummyimage.com/217x140.bmp/ff4444/ffffff', 1493675873, 9, -25),
(28, 'Rutrum ac lobortis', 'http://dummyimage.com/173x200.jpg/cc0000/ffffff', 1482298100, 2, 29),
(29, 'In est risus', 'http://dummyimage.com/171x195.jpg/dddddd/000000', 1467504700, 2, -71),
(30, 'Sapien non', 'http://dummyimage.com/133x201.jpg/ff4444/ffffff', 1475324333, 9, -34),
(31, 'Lacinia eget', 'http://dummyimage.com/140x138.png/cc0000/ffffff', 1476983596, 2, 98),
(32, 'Ac diam cras pellentesque volutpat', 'http://dummyimage.com/205x149.jpg/5fa2dd/ffffff', 1480337379, 1, -83),
(33, 'Ipsum primis in faucibus orci', 'http://dummyimage.com/169x142.bmp/dddddd/000000', 1490330590, 1, -40),
(34, 'Ut volutpat sapien', 'http://dummyimage.com/136x123.png/dddddd/000000', 1490901155, 4, -12),
(35, 'Montes nascetur ridiculus mus', 'http://dummyimage.com/189x185.jpg/dddddd/000000', 1473818931, 3, -74),
(36, 'Sollicitudin mi sit amet lobortis', 'http://dummyimage.com/197x184.bmp/dddddd/000000', 1476036475, 1, 38),
(37, 'Orci eget orci', 'http://dummyimage.com/112x239.jpg/dddddd/000000', 1464475320, 3, -13),
(38, 'Amet sapien dignissim', 'http://dummyimage.com/196x170.jpg/5fa2dd/ffffff', 1478825352, 10, 69),
(39, 'Nibh quisque id justo', 'http://dummyimage.com/177x213.png/5fa2dd/ffffff', 1481679683, 10, -36),
(40, 'Nibh in quis justo', 'http://dummyimage.com/178x115.jpg/dddddd/000000', 1490538629, 9, 6),
(41, 'Tellus nulla ut erat id', 'http://dummyimage.com/144x190.bmp/dddddd/000000', 1476662831, 7, -44),
(42, 'Cubilia curae', 'http://dummyimage.com/196x197.png/cc0000/ffffff', 1467374224, 10, -32),
(43, 'Quis lectus suspendisse', 'http://dummyimage.com/102x148.png/dddddd/000000', 1489717607, 8, 71),
(44, 'Sed accumsan felis ut at', 'http://dummyimage.com/205x113.jpg/cc0000/ffffff', 1489433010, 3, -2),
(45, 'Orci luctus', 'http://dummyimage.com/212x158.bmp/cc0000/ffffff', 1489033283, 9, -35),
(46, 'Felis ut at dolor quis', 'http://dummyimage.com/200x140.bmp/5fa2dd/ffffff', 1486725933, 1, -82),
(47, 'Pede justo lacinia', 'http://dummyimage.com/235x157.png/ff4444/ffffff', 1479698368, 9, -10),
(48, 'Nulla pede ullamcorper augue', 'http://dummyimage.com/124x201.jpg/dddddd/000000', 1478897276, 5, -3),
(49, 'Nunc purus', 'http://dummyimage.com/243x108.jpg/5fa2dd/ffffff', 1488125471, 5, 44),
(50, 'Quam turpis adipiscing', 'http://dummyimage.com/201x157.jpg/5fa2dd/ffffff', 1469318016, 10, -37);

--
-- Dumping data for table `users`
--

INSERT INTO `users` VALUES 
(1, 'kmosley0'),
(2, 'aguido1'),
(3, 'cmcgillreich2'),
(4, 'smcanulty3'),
(5, 'rcassimer4'),
(6, 'gingham5'),
(7, 'lmcleish6'),
(8, 'kbeak7'),
(9, 'dretchford8'),
(10, 'Krisz');

INSERT IGNORE INTO `votes` VALUES
(7, 2, -1),
(27, 8, 1),
(41, 7, 1),
(13, 9, 1),
(32, 5, 1),
(31, 2, 1),
(31, 10, 0),
(17, 9, 1),
(3, 7, -1),
(1, 8, 0),
(47, 5, 0),
(32, 5, 1),
(11, 5, 1),
(29, 5, 0),
(43, 2, -1),
(37, 3, -1),
(24, 2, 0),
(45, 2, 1),
(40, 10, 0),
(23, 2, 1),
(2, 8, 1),
(24, 4, -1),
(1, 5, 0),
(47, 2, 0),
(27, 9, -1),
(49, 9, 1),
(6, 4, 1),
(25, 4, 0),
(25, 3, 0),
(43, 7, 1),
(47, 2, 1),
(17, 10, 0),
(44, 8, -1),
(48, 3, -1),
(4, 3, 1),
(9, 8, -1),
(22, 1, 0),
(42, 6, -1),
(38, 2, 1),
(2, 5, -1),
(25, 6, 1),
(50, 5, 1),
(12, 2, -1),
(48, 8, 1),
(25, 5, 1),
(6, 2, 0),
(5, 2, 1),
(49, 5, -1),
(21, 9, 0),
(29, 9, 0),
(44, 10, -1),
(41, 7, 0),
(41, 10, 1),
(39, 1, -1),
(31, 5, 0),
(20, 6, -1),
(14, 4, -1),
(42, 4, -1),
(2, 4, -1),
(3, 1, 0),
(4, 1, 1),
(47, 8, 1),
(20, 4, -1),
(10, 3, 1),
(43, 4, 1),
(22, 4, -1),
(48, 1, -1),
(8, 4, 1),
(29, 4, 1),
(14, 7, -1),
(22, 6, 0),
(4, 7, 0),
(24, 5, 0),
(3, 1, -1),
(28, 2, -1),
(24, 10, -1),
(3, 7, 1),
(36, 1, -1),
(36, 9, 1),
(49, 3, -1),
(29, 10, -1),
(42, 9, -1),
(37, 2, 0),
(35, 9, -1),
(18, 4, 0),
(2, 1, 1),
(46, 8, 0),
(15, 5, 0),
(48, 4, 0),
(16, 1, -1),
(40, 2, 1),
(4, 3, -1),
(28, 5, 0),
(2, 10, 1),
(48, 4, 0),
(2, 7, -1),
(1, 8, 0),
(34, 1, 0),
(35, 6, 1),
(41, 8, 1),
(46, 1, 1),
(45, 6, -1),
(36, 7, 0),
(29, 10, -1),
(37, 2, 0),
(38, 4, 0),
(43, 7, -1),
(11, 5, -1),
(42, 5, 0),
(28, 6, 1),
(10, 4, -1),
(31, 10, -1),
(42, 9, 1),
(23, 10, -1),
(13, 8, 0),
(10, 1, 0),
(33, 1, -1),
(50, 6, 1),
(15, 2, 0),
(24, 3, 1),
(30, 4, 0),
(42, 4, -1),
(30, 4, 0),
(36, 6, -1),
(30, 8, 0),
(4, 7, 1),
(50, 8, 1),
(31, 2, -1),
(22, 1, -1),
(31, 10, -1),
(37, 6, -1),
(47, 5, 0),
(23, 9, 1),
(39, 7, 1),
(21, 6, 0),
(29, 10, 1),
(45, 9, 0),
(8, 10, 0),
(26, 1, 0),
(37, 1, 0),
(6, 7, 1),
(30, 4, -1),
(28, 3, 1),
(5, 7, 0),
(14, 4, -1),
(6, 7, -1),
(14, 6, 1),
(21, 2, 0),
(8, 7, 0),
(44, 7, -1),
(7, 3, 0),
(48, 5, 0),
(45, 9, -1),
(15, 1, -1),
(24, 2, 0),
(25, 6, 0),
(42, 10, 0),
(36, 5, 1),
(21, 2, -1),
(20, 7, -1),
(50, 5, -1),
(44, 8, 1),
(49, 7, 1),
(48, 8, 0),
(28, 1, 0),
(25, 4, 1),
(31, 8, 1),
(15, 3, 0),
(4, 6, 0),
(28, 10, 0),
(47, 9, -1),
(7, 2, 0),
(39, 1, 1),
(42, 9, 0),
(17, 9, 0),
(29, 4, 1),
(46, 5, 0),
(39, 6, 0),
(28, 2, -1),
(1, 9, 1),
(1, 9, 0),
(10, 3, 0),
(49, 4, -1),
(8, 2, 1),
(1, 5, 0),
(49, 4, 1),
(35, 4, -1),
(48, 10, -1),
(20, 6, 1),
(35, 5, -1),
(42, 1, -1),
(30, 2, 0),
(38, 1, -1),
(38, 8, 1),
(47, 2, -1),
(46, 9, 1),
(4, 2, 1),
(44, 9, 1),
(16, 4, 0),
(40, 4, -1),
(19, 3, -1),
(20, 3, 0),
(17, 2, -1),
(7, 8, 0),
(3, 3, 0),
(27, 7, 1),
(12, 2, 0),
(17, 1, 1),
(48, 3, 0),
(38, 2, 1),
(10, 5, -1),
(17, 2, 0),
(12, 8, -1),
(7, 5, 0),
(35, 1, 1),
(29, 1, 0),
(35, 8, 1),
(42, 3, 0),
(42, 1, -1),
(50, 9, 0),
(38, 4, 1),
(35, 9, 1),
(29, 9, 0),
(47, 7, -1),
(8, 1, 0),
(15, 7, 1),
(38, 1, -1),
(5, 6, 1),
(19, 3, -1),
(34, 4, -1),
(35, 8, 1),
(45, 9, 0),
(29, 2, 1),
(44, 2, 0),
(27, 2, -1),
(15, 6, 0),
(50, 3, 0),
(31, 2, 1),
(11, 9, -1),
(23, 10, 1),
(26, 6, 1),
(15, 2, 0),
(1, 10, -1),
(5, 10, 0),
(9, 6, 0),
(25, 5, 1),
(23, 10, 0),
(13, 8, 1),
(38, 4, 1),
(17, 1, -1),
(38, 3, -1),
(2, 2, 1),
(50, 5, -1),
(29, 6, 1),
(10, 2, 0),
(18, 4, 0),
(9, 9, -1),
(24, 10, -1),
(17, 6, -1),
(44, 10, 1),
(41, 4, -1),
(18, 9, -1),
(4, 9, 1),
(21, 4, 1),
(43, 6, 0),
(17, 3, 1),
(35, 6, 0),
(6, 2, 1),
(29, 1, 1),
(29, 10, 1),
(21, 5, -1),
(49, 10, 0),
(15, 6, 0),
(34, 10, -1),
(43, 9, -1),
(36, 1, 0),
(15, 9, 0),
(34, 7, 0),
(36, 3, 0),
(22, 2, -1),
(29, 7, 0),
(20, 2, 0),
(8, 10, -1),
(23, 1, 0),
(18, 10, 1),
(28, 1, 1),
(47, 1, 0),
(12, 7, 0),
(15, 9, 1),
(42, 7, -1),
(6, 5, -1),
(34, 6, 1),
(2, 9, -1),
(41, 10, 1),
(50, 1, -1),
(29, 8, -1),
(11, 9, -1),
(29, 8, 0),
(6, 1, 0),
(33, 9, 1),
(12, 6, 0),
(36, 8, 1),
(45, 1, 1),
(43, 6, -1),
(45, 8, 1),
(41, 9, -1),
(47, 10, -1),
(14, 8, 1),
(29, 5, 1),
(24, 4, -1),
(8, 10, 1),
(42, 2, -1),
(29, 6, 0),
(2, 8, 0),
(49, 3, 1),
(3, 10, -1),
(7, 4, 1),
(10, 2, -1),
(38, 8, -1),
(37, 10, -1),
(36, 5, 1),
(4, 4, -1),
(11, 3, 1),
(47, 9, 0),
(20, 1, 0),
(44, 7, 0),
(14, 1, -1),
(42, 1, -1),
(31, 6, 1),
(35, 4, -1),
(16, 9, 1),
(1, 1, -1),
(24, 2, -1),
(30, 7, 1),
(9, 7, 1),
(21, 1, 1),
(4, 10, -1),
(43, 8, -1),
(12, 4, -1),
(11, 9, 0),
(40, 10, 0),
(9, 2, 1),
(44, 7, 0),
(41, 5, 1),
(11, 3, -1),
(5, 9, 0),
(43, 1, -1),
(35, 9, 1),
(15, 8, -1),
(34, 7, -1),
(39, 10, 0),
(26, 1, 0),
(34, 3, -1),
(27, 6, 0),
(22, 10, 0),
(37, 5, -1),
(3, 5, 0),
(50, 10, -1),
(23, 9, 1),
(42, 9, 1),
(29, 10, 0),
(31, 2, -1),
(13, 10, 0),
(9, 2, 1),
(29, 5, -1),
(15, 7, -1),
(5, 10, 1),
(29, 2, 0),
(50, 2, 1),
(16, 10, 1),
(16, 10, -1),
(6, 2, 1),
(28, 3, 1),
(29, 5, -1),
(14, 4, -1),
(30, 9, 0),
(23, 2, -1),
(13, 4, 1),
(7, 10, 0),
(47, 5, 0),
(42, 9, 1),
(23, 1, -1),
(10, 5, -1),
(3, 6, -1),
(32, 2, 1),
(4, 5, -1),
(31, 7, 1),
(29, 3, -1),
(10, 6, 1),
(15, 2, -1),
(4, 5, 0),
(17, 10, 1),
(37, 3, 0),
(10, 7, 1),
(8, 9, -1),
(16, 2, -1),
(8, 4, 1),
(34, 8, -1),
(34, 1, 1),
(16, 7, 0),
(13, 10, 0),
(17, 5, 0),
(5, 9, -1),
(17, 9, 0),
(47, 3, 1),
(31, 9, -1),
(45, 1, 1),
(21, 7, 1),
(24, 9, 0),
(42, 6, 1),
(10, 4, 1),
(50, 6, -1),
(27, 8, 1),
(18, 1, 0),
(32, 8, 1),
(4, 1, 1),
(3, 3, -1),
(9, 3, 1),
(48, 5, -1),
(49, 5, 1),
(8, 10, 1),
(36, 3, -1),
(3, 8, -1),
(39, 7, -1),
(47, 7, 0),
(11, 10, -1),
(12, 6, 0),
(25, 1, -1),
(22, 1, 1),
(43, 4, 0),
(4, 6, -1),
(18, 2, 1),
(37, 2, 0),
(25, 2, 1),
(36, 5, 1),
(2, 3, 1),
(6, 10, 0),
(21, 2, 0),
(28, 10, 1),
(36, 10, 0),
(31, 1, 1),
(29, 10, 0),
(20, 9, -1),
(7, 10, -1),
(23, 9, -1),
(12, 7, -1),
(39, 6, 0),
(13, 4, -1),
(1, 7, 1),
(5, 1, 0),
(49, 6, 1),
(25, 7, -1),
(5, 6, 1),
(13, 7, -1),
(17, 5, -1),
(48, 1, 1),
(23, 1, 1),
(39, 3, -1),
(33, 10, 1),
(32, 8, 0),
(49, 3, 1),
(44, 8, -1),
(18, 4, 0),
(36, 5, 0),
(18, 4, 1),
(41, 4, 1),
(15, 10, 0),
(32, 6, 1),
(8, 3, 1),
(27, 3, -1),
(32, 10, -1),
(31, 5, -1),
(50, 10, 1),
(17, 7, 0),
(16, 2, 1),
(2, 2, -1),
(42, 3, -1),
(5, 7, 0),
(7, 5, 1),
(33, 1, -1),
(21, 6, 1),
(32, 9, 0),
(10, 8, 1),
(35, 5, -1),
(21, 7, 1),
(24, 9, -1),
(15, 1, 1),
(26, 7, -1),
(44, 1, 0),
(9, 1, -1),
(34, 1, 1),
(28, 6, 0),
(50, 5, -1),
(29, 1, 0),
(14, 1, 0),
(24, 1, 0),
(9, 10, 0),
(48, 5, -1),
(20, 8, 0),
(35, 3, 0);
